{
    "accuracy": 97.96296296296296,
    "confusion_matrix": [
        [
            1089,
            21
        ],
        [
            23,
            1027
        ]
    ],
    "classification_report": {
        "Real": {
            "precision": 0.97931654676259,
            "recall": 0.981081081081081,
            "f1-score": 0.9801980198019802,
            "support": 1110.0
        },
        "Fake": {
            "precision": 0.9799618320610687,
            "recall": 0.9780952380952381,
            "f1-score": 0.9790276453765491,
            "support": 1050.0
        },
        "accuracy": 0.9796296296296296,
        "macro avg": {
            "precision": 0.9796391894118293,
            "recall": 0.9795881595881596,
            "f1-score": 0.9796128325892646,
            "support": 2160.0
        },
        "weighted avg": {
            "precision": 0.9796302271160172,
            "recall": 0.9796296296296296,
            "f1-score": 0.9796290877896179,
            "support": 2160.0
        }
    }
}